[{"model": "blog.comment", "pk": 1, "fields": {"creator": 1, "content": "What a great post!", "content_type": 7, "object_id": 1, "created_at": "2022-04-19T11:23:18.364Z", "modified_at": "2022-04-19T11:23:18.378Z"}}, {"model": "blog.comment", "pk": 2, "fields": {"creator": 1, "content": "I like myself!", "content_type": 4, "object_id": 1, "created_at": "2022-04-19T11:23:18.364Z", "modified_at": "2022-04-19T11:23:18.378Z"}}, {"model": "blog.comment", "pk": 3, "fields": {"creator": 1, "content": "This is a comment.", "content_type": 7, "object_id": 2, "created_at": "2022-04-23T15:56:16.942Z", "modified_at": "2022-04-23T15:56:16.942Z"}}, {"model": "blog.comment", "pk": 4, "fields": {"creator": 1, "content": "This is another comment", "content_type": 7, "object_id": 2, "created_at": "2022-04-23T21:21:24.903Z", "modified_at": "2022-04-23T21:21:24.903Z"}}, {"model": "blog.comment", "pk": 5, "fields": {"creator": 1, "content": "Logging in the console", "content_type": 7, "object_id": 5, "created_at": "2022-04-26T17:29:41.260Z", "modified_at": "2022-04-26T17:29:41.260Z"}}, {"model": "blog.tag", "pk": 1, "fields": {"value": "django"}}, {"model": "blog.tag", "pk": 2, "fields": {"value": "example"}}, {"model": "blog.post", "pk": 1, "fields": {"author": 1, "created_at": "2022-04-18T21:37:08.630Z", "modified_at": "2022-04-18T21:40:32.299Z", "published_at": null, "title": "An Example Post", "slug": "an-example-post", "summary": "A short example post", "content": "<h3>An example post</h3>\r\n<p>This is an example post, that uses HTML, so render itself</p>", "tags": [1, 2]}}, {"model": "blog.post", "pk": 2, "fields": {"author": 1, "created_at": "2022-04-21T17:14:00.998Z", "modified_at": "2022-04-21T17:14:00.998Z", "published_at": "2022-04-21T17:13:49.706Z", "title": "Just a test example", "slug": "", "summary": "It just a summary", "content": "Put what ever you want text is this test just to see if it works", "tags": []}}, {"model": "blog.post", "pk": 3, "fields": {"author": 1, "created_at": "2022-04-21T17:17:27.537Z", "modified_at": "2022-04-21T17:17:27.537Z", "published_at": "2022-04-21T17:17:27.537Z", "title": "Great Django Course", "slug": "", "summary": "This is a really intresting course, it take your django experience to a new level", "content": "", "tags": []}}, {"model": "blog.post", "pk": 4, "fields": {"author": 2, "created_at": "2022-04-21T20:14:38.418Z", "modified_at": "2022-04-21T20:14:38.418Z", "published_at": "2022-04-21T20:12:02Z", "title": "Example", "slug": "example", "summary": "This is my first post as an admin", "content": "The course is very nice and useful, I'm sure that I'm gonna level my skills up fast.", "tags": [1]}}, {"model": "blog.post", "pk": 5, "fields": {"author": 2, "created_at": "2022-04-23T11:56:14.644Z", "modified_at": "2022-04-23T11:56:14.644Z", "published_at": "2022-04-23T11:55:25Z", "title": "Post 1", "slug": "post-1", "summary": "Some summary doesn't matter", "content": "Any content should work", "tags": [2]}}, {"model": "blog.post", "pk": 6, "fields": {"author": 2, "created_at": "2022-04-23T11:57:16.165Z", "modified_at": "2022-04-23T11:57:16.165Z", "published_at": "2022-04-23T11:56:28Z", "title": "Post 2", "slug": "post-2", "summary": "From Ghaidak for testing", "content": "We are testing the custom tags and inclusion tags", "tags": [1]}}, {"model": "blog.post", "pk": 7, "fields": {"author": 1, "created_at": "2022-04-23T11:58:15.769Z", "modified_at": "2022-04-23T11:58:15.769Z", "published_at": "2022-04-23T11:57:31Z", "title": "Test-codio", "slug": "test-codio", "summary": "Codio testing the inclusion tags", "content": "Testing... test", "tags": [2]}}, {"model": "blango_auth.User", "pk": 1, "fields": {"password": "pbkdf2_sha256$260000$2xjIapb7Y112rmBwmzcg5q$01XdJ75RP/oavsFcmb2vtTkgkjrxz5pIfM4trsHtUyw=", "last_login": "2022-04-27T11:17:12.159Z", "is_superuser": true, "username": "codio", "first_name": "", "last_name": "", "email": "codio@example.com", "is_staff": true, "is_active": true, "date_joined": "2022-04-18T16:05:31.612Z", "groups": [], "user_permissions": []}}, {"model": "blango_auth.User", "pk": 2, "fields": {"password": "pbkdf2_sha256$260000$25BfuHe0iBpo31GHxnw3R4$3ZH9cgFZgiBZEPDXXX9B3tbPUT/ZgnrlSdxi55uHmdQ=", "last_login": null, "is_superuser": false, "username": "Ghaidak", "first_name": "Ghaidak", "last_name": "Jarkas", "email": "ghaidak@test.com", "is_staff": false, "is_active": true, "date_joined": "2022-04-21T20:10:23Z", "groups": [], "user_permissions": []}}]